{
  "batch_size": 32,
  "rollouts": 13,
  "gamma": 0.9570165337096458,
  "learning_rate": 0.0008843469714535289,
  "ent_coef": 0.025754272839375973,
  "vf_coef": 0.16487011782580305
} 