{
  "seq_len": 60,
  "hidden": 256,
  "num_layers": 2,
  "dropout": 0.14598903757859452,
  "lr": 0.001376374758131327,
  "batch_size": 128,
  "weight_decay": 2.3672017772347056e-06
} 