{
  "batch_size": 32,
  "rollouts": 47,
  "gamma": 0.973509903345514,
  "learning_rate": 0.0004009647894927045,
  "ent_coef": 0.040818657833705994,
  "vf_coef": 0.6647163090152318,
  "gae_lambda": 0.863017555555258,
  "clip_range": 0.20838177073455638
} 