{
  "batch_size": 64,
  "rollouts": 27,
  "gamma": 0.9610830578637509,
  "learning_rate": 2.9091018897070035e-05,
  "ent_coef": 0.03663335479317508,
  "vf_coef": 0.9120679278393632,
  "gae_lambda": 0.9736511256893019,
  "clip_range": 0.35368170190989057
}