{
  "batch_size": 32,
  "rollouts": 4,
  "gamma": 0.9252840606035618,
  "learning_rate": 0.0005093772701366061,
  "ent_coef": 0.013207793430280982,
  "vf_coef": 0.11156139629070871
}