{
  "hidden": 256,
  "dropout": 0.19477735137664492,
  "lr": 0.0018724390607347768,
  "batch_size": 32,
  "max_epochs": 131
}