{
  "batch_size": 16,
  "rollouts": 10,
  "gamma": 0.9384270605411807,
  "learning_rate": 0.00016494263024922844,
  "ent_coef": 0.01932593567987263,
  "vf_coef": 0.7374807591476379
}