{
  "seq_len": 120,
  "hidden": 128,
  "num_layers": 1,
  "dropout": 0.2613453004803966,
  "lr": 0.0014625027901091442,
  "batch_size": 64,
  "weight_decay": 6.585805145924541e-05
}