{
  "seq_len": 60,
  "hidden": 64,
  "num_layers": 1,
  "dropout": 0.20147288719860157,
  "lr": 0.0016194059159544798,
  "batch_size": 128,
  "weight_decay": 6.728536369578602e-06
}