{
  "batch_size": 64,
  "rollouts": 20,
  "gamma": 0.973569275372314,
  "learning_rate": 0.00020551487542122318,
  "ent_coef": 0.04193119649678959,
  "vf_coef": 0.643460738810001,
  "gae_lambda": 0.8798167950804772,
  "clip_range": 0.261938900274043
}